-- MySQL Script generated by MySQL Workbench
-- Tue Dec  5 13:33:30 2017
-- Model: New Model    Version: 1.0
-- MySQL Workbench Forward Engineering

SET @OLD_UNIQUE_CHECKS=@@UNIQUE_CHECKS, UNIQUE_CHECKS=0;
SET @OLD_FOREIGN_KEY_CHECKS=@@FOREIGN_KEY_CHECKS, FOREIGN_KEY_CHECKS=0;
SET @OLD_SQL_MODE=@@SQL_MODE, SQL_MODE='TRADITIONAL,ALLOW_INVALID_DATES';

-- -----------------------------------------------------
-- Schema mydb
-- -----------------------------------------------------
DROP SCHEMA IF EXISTS `dbHibernate` ;

-- -----------------------------------------------------
-- Schema mydb
-- -----------------------------------------------------
CREATE SCHEMA IF NOT EXISTS `dbHibernate` DEFAULT CHARACTER SET utf8 ;
SHOW WARNINGS;
USE `dbHibernate` ;

-- -----------------------------------------------------
-- Table `Clientes`
-- -----------------------------------------------------
DROP TABLE IF EXISTS `Clientes` ;

SHOW WARNINGS;
CREATE TABLE IF NOT EXISTS `Clientes` (
  `idClientes` INT NOT NULL auto_increment,
  `nombre` VARCHAR(45) NULL,
  `apellidos` VARCHAR(45) NULL,
  `dni` VARCHAR(45) NULL,
  PRIMARY KEY (`idClientes`))
ENGINE = InnoDB;

INSERT INTO `Clientes` VALUES 
(1,'Juan Carlos',"Aragon","11111111A"),
(2,'Antonio',"Martin","22222222B"),
(3,'Constantino',"Tovar","33333333C"),
(4,'Enrique',"Remolino","44444444D"),
(5,'Angel',"Subiela","55555555E");


SHOW WARNINGS;

-- -----------------------------------------------------
-- Table `Revisiones`
-- -----------------------------------------------------
DROP TABLE IF EXISTS `Revisiones` ;

SHOW WARNINGS;
CREATE TABLE IF NOT EXISTS `Revisiones` (
  `idRevisiones` INT NOT NULL auto_increment,
  `nombre` VARCHAR(45) NULL,
  `tipo` VARCHAR(45) NULL,
  PRIMARY KEY (`idRevisiones`))
ENGINE = InnoDB;

INSERT INTO `Revisiones` VALUES 
(1, "Cambio de Aceite", "10w 40"),
(2, "Cambio de Neumaticos", "Todos"),
(3, "Cambio de Pastillas de Freno", "Todos"),
(4, "Cambio de Filtro", "Aire"),
(5, "Cambio de FIltro", "Gasoil");

SHOW WARNINGS;

-- -----------------------------------------------------
-- Table `Coches`
-- -----------------------------------------------------
DROP TABLE IF EXISTS `Coches` ;

SHOW WARNINGS;
CREATE TABLE IF NOT EXISTS `Coches` (
  `idCoches` INT NOT NULL auto_increment,
  `matricula` VARCHAR(45) NULL,
  `idClientes` INT NOT NULL,
  PRIMARY KEY (`idCoches`))
ENGINE = InnoDB;

INSERT INTO `Coches`VALUES 
(1, "1234ABC", 5 ),
(2, "5678BCD", 4 ),
(3, "9123CDE", 3 ), 
(4, "1478DEF", 2 ),
(5, "3698EFG", 1 );
SHOW WARNINGS;

-- -----------------------------------------------------
-- Table `Coches_has_Revisiones`
-- -----------------------------------------------------
DROP TABLE IF EXISTS `cochesRevisiones` ;

SHOW WARNINGS;
CREATE TABLE IF NOT EXISTS `cochesRevisiones` (
  `idCochesRevisiones` INT NOT NULL auto_increment,
  `idCoches` INT NOT NULL,
  `idRevisiones` INT NOT NULL,
  `fecha` DATE NULL,
  `kilometros` FLOAT NULL,
  PRIMARY KEY (`idCochesRevisiones`))
ENGINE = InnoDB;

INSERT INTO `cochesRevisiones` VALUES
(1, 2, 2, "17/11/05", 12000),
(2, 1, 3, "17/11/05", 11000),
(3, 3, 4, "17/11/06", 15000),
(4, 5, 1, "17/11/07", 16000);

SHOW WARNINGS;

SET SQL_MODE=@OLD_SQL_MODE;
SET FOREIGN_KEY_CHECKS=@OLD_FOREIGN_KEY_CHECKS;
SET UNIQUE_CHECKS=@OLD_UNIQUE_CHECKS;
